INSERT INTO cyber_sport_db.country(country_id, name) VALUES (0, 'USA');
INSERT INTO cyber_sport_db.country(country_id, name) VALUES (1, 'Canada');
INSERT INTO cyber_sport_db.country(country_id, name) VALUES (2, 'Philippines');
INSERT INTO cyber_sport_db.country(country_id, name) VALUES (3, 'Singapore');
INSERT INTO cyber_sport_db.country(country_id, name) VALUES (4, 'Denmark');
INSERT INTO cyber_sport_db.country(country_id, name) VALUES (5, 'Israel');
INSERT INTO cyber_sport_db.country(country_id, name) VALUES (6, 'China');
INSERT INTO cyber_sport_db.country(country_id, name) VALUES (7, 'Malaysia');
INSERT INTO cyber_sport_db.country(country_id, name) VALUES (8, 'Thailand');
INSERT INTO cyber_sport_db.country(country_id, name) VALUES (9, 'Peru');
INSERT INTO cyber_sport_db.country(country_id, name) VALUES (10, 'Finland');
INSERT INTO cyber_sport_db.country(country_id, name) VALUES (11, 'Poland');
INSERT INTO cyber_sport_db.country(country_id, name) VALUES (12, 'Sweden');
INSERT INTO cyber_sport_db.country(country_id, name) VALUES (13, 'Jordan');
INSERT INTO cyber_sport_db.country(country_id, name) VALUES (14, 'Estonia');
INSERT INTO cyber_sport_db.country(country_id, name) VALUES (15, 'Russia');
INSERT INTO cyber_sport_db.country(country_id, name) VALUES (16, 'Moldova');
INSERT INTO cyber_sport_db.country(country_id, name) VALUES (17, 'Pakistan');
INSERT INTO cyber_sport_db.country(country_id, name) VALUES (18, 'Brazil');
INSERT INTO cyber_sport_db.country(country_id, name) VALUES (19, 'Germany');
INSERT INTO cyber_sport_db.country(country_id, name) VALUES (20, 'Norway');
INSERT INTO cyber_sport_db.country(country_id, name) VALUES (21, 'Australia');
INSERT INTO cyber_sport_db.country(country_id, name) VALUES (22, 'France');
INSERT INTO cyber_sport_db.country(country_id, name) VALUES (23, 'Bulgaria');
INSERT INTO cyber_sport_db.country(country_id, name) VALUES (24, 'Lebanon');
INSERT INTO cyber_sport_db.country(country_id, name) VALUES (25, 'Romania');
INSERT INTO cyber_sport_db.country(country_id, name) VALUES (26, 'Kazakhstan');
INSERT INTO cyber_sport_db.country(country_id, name) VALUES (27, 'Malta');



INSERT INTO cyber_sport_db.team(team_id, name, prize, win_rate, total_games_count, country_id, discipline) VALUES (0, 'Evil Geniuses', 19837479, 0.63, 818, 0, 'DotA 2');
INSERT INTO cyber_sport_db.team(team_id, name, prize, win_rate, total_games_count, country_id, discipline) VALUES (1, 'Fnatic', 3276975, 0.6, 598, 6, 'DotA 2');
INSERT INTO cyber_sport_db.team(team_id, name, prize, win_rate, total_games_count, country_id, discipline) VALUES (2, 'Invictus Gaming', 5256147, 0.57, 1121, 6, 'DotA 2');
INSERT INTO cyber_sport_db.team(team_id, name, prize, win_rate, total_games_count, country_id, discipline) VALUES (3, 'Vici Gaming', 8962283, 0.59, 1097, 6, 'DotA 2');
INSERT INTO cyber_sport_db.team(team_id, name, prize, win_rate, total_games_count, country_id, discipline) VALUES (4, 'Thunder Predator', 155165, 0.57, 284, 9, 'DotA 2');
INSERT INTO cyber_sport_db.team(team_id, name, prize, win_rate, total_games_count, country_id, discipline) VALUES (5, 'Team Secret', 11204477, 0.7, 711, 10, 'DotA 2');
INSERT INTO cyber_sport_db.team(team_id, name, prize, win_rate, total_games_count, country_id, discipline) VALUES (6, 'Virtus Pro', 9470128, 0.58, 997, 15, 'DotA 2');
INSERT INTO cyber_sport_db.team(team_id, name, prize, win_rate, total_games_count, country_id, discipline) VALUES (7, 'PSG.LGD', 16184538, 0.61, 1064, 6, 'DotA 2');
INSERT INTO cyber_sport_db.team(team_id, name, prize, win_rate, total_games_count, country_id, discipline) VALUES (8, 'Quincy Crew', 185422, 0.74, 115, 0, 'DotA 2');
INSERT INTO cyber_sport_db.team(team_id, name, prize, win_rate, total_games_count, country_id, discipline) VALUES (9, 'Team Aster', 396339, 0.53, 357, 6, 'DotA 2');
INSERT INTO cyber_sport_db.team(team_id, name, prize, win_rate, total_games_count, country_id, discipline) VALUES (10, 'Team Liquid', 23835650, 0.58, 787, 12, 'DotA 2');
INSERT INTO cyber_sport_db.team(team_id, name, prize, win_rate, total_games_count, country_id, discipline) VALUES (11, 'OB Esports x Neon', 138430, 0.45, 251, 2, 'DotA 2');
INSERT INTO cyber_sport_db.team(team_id, name, prize, win_rate, total_games_count, country_id, discipline) VALUES (12, 'OG', 32913323, 0.62, 523, 4, 'DotA 2');
INSERT INTO cyber_sport_db.team(team_id, name, prize, win_rate, total_games_count, country_id, discipline) VALUES (13, 'Nigma', 524614, 0.56, 141, 19, 'DotA 2');
INSERT INTO cyber_sport_db.team(team_id, name, prize, win_rate, total_games_count, country_id, discipline) VALUES (14, 'FURIA Esports', 882200, 0.62, 237, 18, 'CS:GO');
INSERT INTO cyber_sport_db.team(team_id, name, prize, win_rate, total_games_count, country_id, discipline) VALUES (15, 'Astralis', 7778562, 0.7, 704, 4, 'CS:GO');
INSERT INTO cyber_sport_db.team(team_id, name, prize, win_rate, total_games_count, country_id, discipline) VALUES (16, 'Ninjas in Pyjamas', 2757904, 0.57, 1024, 12, 'CS:GO');
INSERT INTO cyber_sport_db.team(team_id, name, prize, win_rate, total_games_count, country_id, discipline) VALUES (17, 'Complexity Gaming ', 1193250, 0.44, 574, 4, 'CS:GO');
INSERT INTO cyber_sport_db.team(team_id, name, prize, win_rate, total_games_count, country_id, discipline) VALUES (18, 'Heroic', 1221500, 0.54, 601, 4, 'CS:GO');
INSERT INTO cyber_sport_db.team(team_id, name, prize, win_rate, total_games_count, country_id, discipline) VALUES (19, 'Gambit Esports', 1795045, 0.55, 438, 15, 'CS:GO');



INSERT INTO cyber_sport_db.player(player_id, name, nickname, team_id, country_id, prize) VALUES (0, 'Артур Бабаев', 'Arteezy', 0, 1, 1554707);
INSERT INTO cyber_sport_db.player(player_id, name, nickname, team_id, country_id, prize) VALUES (1, 'Эйбэд Азэль Юсоп', 'Abed', 0, 2, 179550);
INSERT INTO cyber_sport_db.player(player_id, name, nickname, team_id, country_id, prize) VALUES (2, 'Дэрил Кох Пэй Сян', 'iceiceice', 0, 3, 487598);
INSERT INTO cyber_sport_db.player(player_id, name, nickname, team_id, country_id, prize) VALUES (3, 'Андреас Франк Нильсен', 'Cr1t-', 0, 4, 1450340);
INSERT INTO cyber_sport_db.player(player_id, name, nickname, team_id, country_id, prize) VALUES (4, 'Таль Айзик', 'Fly-', 0, 5, 1808451);
INSERT INTO cyber_sport_db.player(player_id, name, nickname, team_id, country_id, prize) VALUES (5, 'Марк Фаусто', 'Raven', 1, 2, 336645);
INSERT INTO cyber_sport_db.player(player_id, name, nickname, team_id, country_id, prize) VALUES (6, 'Кам Бун Сенго', 'Moon', 1, 7, 209183);
INSERT INTO cyber_sport_db.player(player_id, name, nickname, team_id, country_id, prize) VALUES (7, 'Ануча Джиравонг', 'Jabz', 1, 8, 215823);
INSERT INTO cyber_sport_db.player(player_id, name, nickname, team_id, country_id, prize) VALUES (8, 'Джардел Джико Мампусти', 'DJ', 1, 2, 140538);
INSERT INTO cyber_sport_db.player(player_id, name, nickname, team_id, country_id, prize) VALUES (9, 'Ки Чуань Энг', 'CHYuan', 1, 7, 25595);
INSERT INTO cyber_sport_db.player(player_id, name, nickname, team_id, country_id, prize) VALUES (10, 'Цзинь Чжии', 'flyfly', 2, 6, 138702);
INSERT INTO cyber_sport_db.player(player_id, name, nickname, team_id, country_id, prize) VALUES (11, 'Чжоу И', 'Emo', 2, 6, 135502);
INSERT INTO cyber_sport_db.player(player_id, name, nickname, team_id, country_id, prize) VALUES (12, 'Тиа Чжун Вэн', 'JT-', 2, 7, 146035);
INSERT INTO cyber_sport_db.player(player_id, name, nickname, team_id, country_id, prize) VALUES (13, 'Ху Лянчжи', 'Kaka', 2, 6, 1420858);
INSERT INTO cyber_sport_db.player(player_id, name, nickname, team_id, country_id, prize) VALUES (14, 'Чан Чон Кин', 'Oli', 2, 7, 1420858);
INSERT INTO cyber_sport_db.player(player_id, name, nickname, team_id, country_id, prize) VALUES (15, 'Ян Шаохань', 'poyoyo', 3, 6, 22880);
INSERT INTO cyber_sport_db.player(player_id, name, nickname, team_id, country_id, prize) VALUES (16, 'Цзэн Цзяоян', 'Ori', 3, 6, 416517);
INSERT INTO cyber_sport_db.player(player_id, name, nickname, team_id, country_id, prize) VALUES (17, 'Рен Янвэй', 'ELeVeN', 3, 6, 316652);
INSERT INTO cyber_sport_db.player(player_id, name, nickname, team_id, country_id, prize) VALUES (18, 'Сюн Цзяхань', 'Pyw', 3, 6, 149492);
INSERT INTO cyber_sport_db.player(player_id, name, nickname, team_id, country_id, prize) VALUES (19, 'Дин Цун', 'Dy', 3, 6, 312160);
INSERT INTO cyber_sport_db.player(player_id, name, nickname, team_id, country_id, prize) VALUES (20, 'Алонсо Леон', 'Mnz', 4, 9, 30443);
INSERT INTO cyber_sport_db.player(player_id, name, nickname, team_id, country_id, prize) VALUES (21, 'Леонардо Сифуэнтос', 'Leostyle', 4, 9, 17383);
INSERT INTO cyber_sport_db.player(player_id, name, nickname, team_id, country_id, prize) VALUES (22, 'Франк Ариес', 'Frank', 4, 9, 12783);
INSERT INTO cyber_sport_db.player(player_id, name, nickname, team_id, country_id, prize) VALUES (23, 'Джоэл Мори Озамбела', 'MoOz', 4, 9, 8600);
INSERT INTO cyber_sport_db.player(player_id, name, nickname, team_id, country_id, prize) VALUES (24, 'Ромель Квинтерос', 'Mjz', 4, 9, 15643);
INSERT INTO cyber_sport_db.player(player_id, name, nickname, team_id, country_id, prize) VALUES (25, 'Лассе Урпалайнен', 'MATUMBAMAN', 5, 10, 3148579);
INSERT INTO cyber_sport_db.player(player_id, name, nickname, team_id, country_id, prize) VALUES (26, 'Михал Янковски', 'Nisha', 5, 11, 475037);
INSERT INTO cyber_sport_db.player(player_id, name, nickname, team_id, country_id, prize) VALUES (27, 'Людвиг Уолберг', 'zai', 5, 12, 1567777);
INSERT INTO cyber_sport_db.player(player_id, name, nickname, team_id, country_id, prize) VALUES (28, 'Язид Жарадат', 'YapzOr', 5, 13, 699981);
INSERT INTO cyber_sport_db.player(player_id, name, nickname, team_id, country_id, prize) VALUES (29, 'Клемент Иванов', 'Puppey', 5, 14, 1283349);
INSERT INTO cyber_sport_db.player(player_id, name, nickname, team_id, country_id, prize) VALUES (30, 'Егор Григоренко', 'Epileptick1d', 6, 15, 91257);
INSERT INTO cyber_sport_db.player(player_id, name, nickname, team_id, country_id, prize) VALUES (31, 'Данил Скутин', 'gpK~', 6, 15, 95564);
INSERT INTO cyber_sport_db.player(player_id, name, nickname, team_id, country_id, prize) VALUES (32, 'Дмитрий Дорохин', 'DM', 6, 15, 100644);
INSERT INTO cyber_sport_db.player(player_id, name, nickname, team_id, country_id, prize) VALUES (33, 'Виталий Мельник', 'Save-', 6, 16, 91194);
INSERT INTO cyber_sport_db.player(player_id, name, nickname, team_id, country_id, prize) VALUES (34, 'Ильяс Ганеев', 'Kingslayer', 6, 15, 46000);
INSERT INTO cyber_sport_db.player(player_id, name, nickname, team_id, country_id, prize) VALUES (35, 'Ван Чуньюй', 'Ame', 7, 6, 1944888);
INSERT INTO cyber_sport_db.player(player_id, name, nickname, team_id, country_id, prize) VALUES (36, 'Чэн Цзинь Сян', 'NothingToSay', 7, 7, 78152);
INSERT INTO cyber_sport_db.player(player_id, name, nickname, team_id, country_id, prize) VALUES (37, 'Чжан Жуйда', 'Faith_bian', 7, 6, 1991952);
INSERT INTO cyber_sport_db.player(player_id, name, nickname, team_id, country_id, prize) VALUES (38, 'Чжао Цзысин', 'XinQ', 7, 6, 101175);
INSERT INTO cyber_sport_db.player(player_id, name, nickname, team_id, country_id, prize) VALUES (39, 'Чжан Липин', 'y', 7, 6, 2004952);
INSERT INTO cyber_sport_db.player(player_id, name, nickname, team_id, country_id, prize) VALUES (40, 'Явар Хассан', 'YawaR', 8, 17, 116834);
INSERT INTO cyber_sport_db.player(player_id, name, nickname, team_id, country_id, prize) VALUES (41, 'Квин Каллахан', 'Quinn', 8, 0, 144544);
INSERT INTO cyber_sport_db.player(player_id, name, nickname, team_id, country_id, prize) VALUES (42, 'Родриго Лелис Сантос', 'Lelis', 8, 18, 44784);
INSERT INTO cyber_sport_db.player(player_id, name, nickname, team_id, country_id, prize) VALUES (43, 'Ариф Анвар', 'MSS', 8, 0, 128280);
INSERT INTO cyber_sport_db.player(player_id, name, nickname, team_id, country_id, prize) VALUES (44, 'Авери Сильверман', 'SVG', 8, 0, 121034);
INSERT INTO cyber_sport_db.player(player_id, name, nickname, team_id, country_id, prize) VALUES (45, 'Ду Пэн', 'Monet', 9, 6, 604138);
INSERT INTO cyber_sport_db.player(player_id, name, nickname, team_id, country_id, prize) VALUES (46, 'Лю Лю Юхао Юхао', 'DD斩首', 9, 6, 38302);
INSERT INTO cyber_sport_db.player(player_id, name, nickname, team_id, country_id, prize) VALUES (47, 'Лин Дзин', 'Xxs', 9, 6, 175071);
INSERT INTO cyber_sport_db.player(player_id, name, nickname, team_id, country_id, prize) VALUES (48, 'Е Чжибяо', 'Borax', 9, 6, 175071);
INSERT INTO cyber_sport_db.player(player_id, name, nickname, team_id, country_id, prize) VALUES (49, 'Чжан Чжичэн', 'LaNm', 9, 6, 256725);
INSERT INTO cyber_sport_db.player(player_id, name, nickname, team_id, country_id, prize) VALUES (50, 'Майк Ву', 'miCKe', 10, 12, 84715);
INSERT INTO cyber_sport_db.player(player_id, name, nickname, team_id, country_id, prize) VALUES (51, 'Макс Брокер', 'qojqva', 10, 19, 120875);
INSERT INTO cyber_sport_db.player(player_id, name, nickname, team_id, country_id, prize) VALUES (52, 'Самуэль Сван', 'Boxi', 10, 12, 91415);
INSERT INTO cyber_sport_db.player(player_id, name, nickname, team_id, country_id, prize) VALUES (53, 'Томми Ле', 'Taiga', 10, 20, 91815);
INSERT INTO cyber_sport_db.player(player_id, name, nickname, team_id, country_id, prize) VALUES (54, 'Айден Саркои', 'iNSaNiA', 10, 12, 92128);
INSERT INTO cyber_sport_db.player(player_id, name, nickname, team_id, country_id, prize) VALUES (55, 'Джон Варгас', 'Natsumi', 11, 2, 26619);
INSERT INTO cyber_sport_db.player(player_id, name, nickname, team_id, country_id, prize) VALUES (56, 'Эрин Джаспер Феррер', 'Yopaj', 11, 2, 11197);
INSERT INTO cyber_sport_db.player(player_id, name, nickname, team_id, country_id, prize) VALUES (57, 'Преме Ижай Бенкил', 'PlayHard', 11, 2, 16235);
INSERT INTO cyber_sport_db.player(player_id, name, nickname, team_id, country_id, prize) VALUES (58, 'Ролен Андре Габриэль Онг', 'Skemberlu', 11, 2, 27623);
INSERT INTO cyber_sport_db.player(player_id, name, nickname, team_id, country_id, prize) VALUES (59, 'Жунюэль Арцилла', 'Jaunuel', 11, 2, 11336);
INSERT INTO cyber_sport_db.player(player_id, name, nickname, team_id, country_id, prize) VALUES (60, 'Топиас Таавитсайнен', 'Topson', 12, 10, 5335318);
INSERT INTO cyber_sport_db.player(player_id, name, nickname, team_id, country_id, prize) VALUES (61, 'Анатан Фам', 'ana', 12, 21, 5714421);
INSERT INTO cyber_sport_db.player(player_id, name, nickname, team_id, country_id, prize) VALUES (62, 'Себастьян Дебс', 'Ceb', 12, 22, 5359577);
INSERT INTO cyber_sport_db.player(player_id, name, nickname, team_id, country_id, prize) VALUES (63, 'Ессе Вайникка', 'JerAx', 12, 10, 6022301);
INSERT INTO cyber_sport_db.player(player_id, name, nickname, team_id, country_id, prize) VALUES (64, 'Йохан Сундштайн', 'n0tail', 12, 4, 6446013);
INSERT INTO cyber_sport_db.player(player_id, name, nickname, team_id, country_id, prize) VALUES (65, 'Амер аль-Баркави', 'Miracle-', 13, 13, 4435205);
INSERT INTO cyber_sport_db.player(player_id, name, nickname, team_id, country_id, prize) VALUES (66, 'Иван Бориславов', 'MinD_ContRoL', 13, 23, 4162951);
INSERT INTO cyber_sport_db.player(player_id, name, nickname, team_id, country_id, prize) VALUES (67, 'Марун Мерхей', 'GH', 13, 24, 3908528);
INSERT INTO cyber_sport_db.player(player_id, name, nickname, team_id, country_id, prize) VALUES (68, 'Куро Салехи Тахасоми', 'KuroKy', 13, 19, 4350244);
INSERT INTO cyber_sport_db.player(player_id, name, nickname, team_id, country_id, prize) VALUES (69, 'Аливи Омар', 'w33', 13, 25, 2319287);
INSERT INTO cyber_sport_db.player(player_id, name, nickname, team_id, country_id, prize) VALUES (70, 'Юрий Сантуш', 'Yuurih', 14, 18, 142040);
INSERT INTO cyber_sport_db.player(player_id, name, nickname, team_id, country_id, prize) VALUES (71, 'Андрей Пиовезан', 'arT', 14, 18, 142040);
INSERT INTO cyber_sport_db.player(player_id, name, nickname, team_id, country_id, prize) VALUES (72, 'Виниций Фигуэйреду', 'VINI', 14, 18, 142040);
INSERT INTO cyber_sport_db.player(player_id, name, nickname, team_id, country_id, prize) VALUES (73, 'Кайке Керато', 'kscerato', 14, 18, 142040);
INSERT INTO cyber_sport_db.player(player_id, name, nickname, team_id, country_id, prize) VALUES (74, 'Пэйтин Джонсон', 'Junior', 14, 0, 9000);
INSERT INTO cyber_sport_db.player(player_id, name, nickname, team_id, country_id, prize) VALUES (75, 'Лукас Кано', 'honda', 14, 18, 0);
INSERT INTO cyber_sport_db.player(player_id, name, nickname, team_id, country_id, prize) VALUES (76, 'Лукас Россандэр', 'gla1ve', 15, 4, 1426680);
INSERT INTO cyber_sport_db.player(player_id, name, nickname, team_id, country_id, prize) VALUES (77, 'Питер Расмуссен', 'dupreeh', 15, 4, 1538116);
INSERT INTO cyber_sport_db.player(player_id, name, nickname, team_id, country_id, prize) VALUES (78, 'Андреас Хойслет', 'Xyp9x', 15, 4, 1520316);
INSERT INTO cyber_sport_db.player(player_id, name, nickname, team_id, country_id, prize) VALUES (79, 'Эмиль Рейф', 'Magisk', 15, 4, 1173780);
INSERT INTO cyber_sport_db.player(player_id, name, nickname, team_id, country_id, prize) VALUES (80, 'Лукас Андерсен', 'Bubzkji', 15, 4, 219126);
INSERT INTO cyber_sport_db.player(player_id, name, nickname, team_id, country_id, prize) VALUES (81, 'Николай Ридтц', 'device', 16, 4, 1515116);
INSERT INTO cyber_sport_db.player(player_id, name, nickname, team_id, country_id, prize) VALUES (82, 'Эрик Густафссон', 'ztr', 16, 12, 6000);
INSERT INTO cyber_sport_db.player(player_id, name, nickname, team_id, country_id, prize) VALUES (83, 'Фредрик Стернер', 'REZ', 16, 12, 155425);
INSERT INTO cyber_sport_db.player(player_id, name, nickname, team_id, country_id, prize) VALUES (84, 'Николас Гонсалес Замора', 'Plopski', 16, 12, 41150);
INSERT INTO cyber_sport_db.player(player_id, name, nickname, team_id, country_id, prize) VALUES (85, 'Хампус Позер', 'hampus', 16, 12, 50803);
INSERT INTO cyber_sport_db.player(player_id, name, nickname, team_id, country_id, prize) VALUES (86, 'Бенджамин Бремер', 'blameF', 17, 4, 108250);
INSERT INTO cyber_sport_db.player(player_id, name, nickname, team_id, country_id, prize) VALUES (87, 'Джастин Сэвэйдж', 'jks', 17, 21, 110400);
INSERT INTO cyber_sport_db.player(player_id, name, nickname, team_id, country_id, prize) VALUES (88, 'Вилл Виерзба', 'RUSH', 17, 0, 395100);
INSERT INTO cyber_sport_db.player(player_id, name, nickname, team_id, country_id, prize) VALUES (89, 'Валентин Василев', 'poizon', 17, 23, 222531);
INSERT INTO cyber_sport_db.player(player_id, name, nickname, team_id, country_id, prize) VALUES (90, 'Кристиан Винеке', 'k0nfig', 17, 4, 261080);
INSERT INTO cyber_sport_db.player(player_id, name, nickname, team_id, country_id, prize) VALUES (91, 'Каспер Мёллер', 'cadiaN', 18, 4, 167195);
INSERT INTO cyber_sport_db.player(player_id, name, nickname, team_id, country_id, prize) VALUES (92, 'Йоханнес Боруп', 'b0RUP', 18, 4, 107516);
INSERT INTO cyber_sport_db.player(player_id, name, nickname, team_id, country_id, prize) VALUES (93, 'Мартин Лунд', 'stavn', 18, 4, 135000);
INSERT INTO cyber_sport_db.player(player_id, name, nickname, team_id, country_id, prize) VALUES (94, 'Рене Мадсен', 'TeSeS', 18, 4, 110650);
INSERT INTO cyber_sport_db.player(player_id, name, nickname, team_id, country_id, prize) VALUES (95, 'Абай Хасенов', 'HObbit', 19, 26, 338159);
INSERT INTO cyber_sport_db.player(player_id, name, nickname, team_id, country_id, prize) VALUES (96, 'Тимофей Якушин', 'interz', 19, 15, 166000);
INSERT INTO cyber_sport_db.player(player_id, name, nickname, team_id, country_id, prize) VALUES (97, 'Владислав Горшков', 'nafany', 19, 15, 168600);
INSERT INTO cyber_sport_db.player(player_id, name, nickname, team_id, country_id, prize) VALUES (98, 'Сергей Рыхторов', 'Ax1Le', 19, 15, 160000);
INSERT INTO cyber_sport_db.player(player_id, name, nickname, team_id, country_id, prize) VALUES (99, 'Дмитрий Соколов', 'sh1ro', 19, 15, 168600);


INSERT INTO cyber_sport_db.tournament(tournament_id, name, start_date, end_date, country_id, city, winner_id, prize, esports_discipline) VALUES (0, 'Singapore Major Dota 2', TO_DATE('27-03-2021', 'DD-MM-YYYY'), TO_DATE('04-04-2021', 'DD-MM-YYYY'), 3, 'Singapore', 2, 500000, 'DotA 2');
INSERT INTO cyber_sport_db.tournament(tournament_id, name, start_date, end_date, country_id, city, winner_id, prize, esports_discipline) VALUES (1, 'The International 2019', TO_DATE('15-08-2019', 'DD-MM-YYYY'), TO_DATE('25-08-2019', 'DD-MM-YYYY'), 6, 'Shanghai', 12, 34330068, 'DotA 2');
INSERT INTO cyber_sport_db.tournament(tournament_id, name, start_date, end_date, country_id, city, winner_id, prize, esports_discipline) VALUES (2, 'ESL Pro League Season 13', TO_DATE('08-03-2021', 'DD-MM-YYYY'), TO_DATE('11-04-2021', 'DD-MM-YYYY'), 27, 'Malta', 18, 750000, 'CS:GO');



INSERT INTO cyber_sport_db.series(series_id, tournament_id, series_type, winner_id) VALUES (0, 0, 'bo3', 0);
INSERT INTO cyber_sport_db.series(series_id, tournament_id, series_type, winner_id) VALUES (1, 0, 'bo3', 2);
INSERT INTO cyber_sport_db.series(series_id, tournament_id, series_type, winner_id) VALUES (2, 0, 'bo3', 5);
INSERT INTO cyber_sport_db.series(series_id, tournament_id, series_type, winner_id) VALUES (3, 0, 'bo3', 7);
INSERT INTO cyber_sport_db.series(series_id, tournament_id, series_type, winner_id) VALUES (4, 0, 'bo3', 6);
INSERT INTO cyber_sport_db.series(series_id, tournament_id, series_type, winner_id) VALUES (5, 0, 'bo3', 4);
INSERT INTO cyber_sport_db.series(series_id, tournament_id, series_type, winner_id) VALUES (6, 0, 'bo3', 3);
INSERT INTO cyber_sport_db.series(series_id, tournament_id, series_type, winner_id) VALUES (7, 0, 'bo3', 11);
INSERT INTO cyber_sport_db.series(series_id, tournament_id, series_type, winner_id) VALUES (8, 0, 'bo3', 4);
INSERT INTO cyber_sport_db.series(series_id, tournament_id, series_type, winner_id) VALUES (9, 0, 'bo3', 11);
INSERT INTO cyber_sport_db.series(series_id, tournament_id, series_type, winner_id) VALUES (10, 0, 'bo3', 0);
INSERT INTO cyber_sport_db.series(series_id, tournament_id, series_type, winner_id) VALUES (11, 0, 'bo3', 7);
INSERT INTO cyber_sport_db.series(series_id, tournament_id, series_type, winner_id) VALUES (12, 0, 'bo3', 2);
INSERT INTO cyber_sport_db.series(series_id, tournament_id, series_type, winner_id) VALUES (13, 0, 'bo3', 5);
INSERT INTO cyber_sport_db.series(series_id, tournament_id, series_type, winner_id) VALUES (14, 0, 'bo3', 2);
INSERT INTO cyber_sport_db.series(series_id, tournament_id, series_type, winner_id) VALUES (15, 0, 'bo3', 0);
INSERT INTO cyber_sport_db.series(series_id, tournament_id, series_type, winner_id) VALUES (16, 0, 'bo3', 2);
INSERT INTO cyber_sport_db.series(series_id, tournament_id, series_type, winner_id) VALUES (17, 0, 'bo3', 2);
INSERT INTO cyber_sport_db.series(series_id, tournament_id, series_type, winner_id) VALUES (18, 1, 'bo3', 13);
INSERT INTO cyber_sport_db.series(series_id, tournament_id, series_type, winner_id) VALUES (19, 1, 'bo3', 12);
INSERT INTO cyber_sport_db.series(series_id, tournament_id, series_type, winner_id) VALUES (20, 1, 'bo3', 13);
INSERT INTO cyber_sport_db.series(series_id, tournament_id, series_type, winner_id) VALUES (21, 1, 'bo5', 12);
INSERT INTO cyber_sport_db.series(series_id, tournament_id, series_type, winner_id) VALUES (22, 2, 'bo3', 14);
INSERT INTO cyber_sport_db.series(series_id, tournament_id, series_type, winner_id) VALUES (23, 2, 'bo3', 16);
INSERT INTO cyber_sport_db.series(series_id, tournament_id, series_type, winner_id) VALUES (24, 2, 'bo3', 18);
INSERT INTO cyber_sport_db.series(series_id, tournament_id, series_type, winner_id) VALUES (25, 2, 'bo3', 19);
INSERT INTO cyber_sport_db.series(series_id, tournament_id, series_type, winner_id) VALUES (26, 2, 'bo5', 18);


INSERT INTO cyber_sport_db.game(game_id, series_id, game_num, winner_id) VALUES (0, 0, 1, 0);
INSERT INTO cyber_sport_db.game(game_id, series_id, game_num, winner_id) VALUES (1, 0, 2, 0);
INSERT INTO cyber_sport_db.game(game_id, series_id, game_num, winner_id) VALUES (2, 1, 1, 2);
INSERT INTO cyber_sport_db.game(game_id, series_id, game_num, winner_id) VALUES (3, 1, 2, 3);
INSERT INTO cyber_sport_db.game(game_id, series_id, game_num, winner_id) VALUES (4, 1, 3, 2);
INSERT INTO cyber_sport_db.game(game_id, series_id, game_num, winner_id) VALUES (5, 2, 1, 5);
INSERT INTO cyber_sport_db.game(game_id, series_id, game_num, winner_id) VALUES (6, 2, 2, 5);
INSERT INTO cyber_sport_db.game(game_id, series_id, game_num, winner_id) VALUES (7, 3, 1, 7);
INSERT INTO cyber_sport_db.game(game_id, series_id, game_num, winner_id) VALUES (8, 3, 2, 7);
INSERT INTO cyber_sport_db.game(game_id, series_id, game_num, winner_id) VALUES (9, 4, 1, 8);
INSERT INTO cyber_sport_db.game(game_id, series_id, game_num, winner_id) VALUES (10, 4, 2, 6);
INSERT INTO cyber_sport_db.game(game_id, series_id, game_num, winner_id) VALUES (11, 4, 3, 6);
INSERT INTO cyber_sport_db.game(game_id, series_id, game_num, winner_id) VALUES (12, 5, 1, 4);
INSERT INTO cyber_sport_db.game(game_id, series_id, game_num, winner_id) VALUES (13, 5, 2, 4);
INSERT INTO cyber_sport_db.game(game_id, series_id, game_num, winner_id) VALUES (14, 6, 1, 3);
INSERT INTO cyber_sport_db.game(game_id, series_id, game_num, winner_id) VALUES (15, 6, 2, 3);
INSERT INTO cyber_sport_db.game(game_id, series_id, game_num, winner_id) VALUES (16, 7, 1, 11);
INSERT INTO cyber_sport_db.game(game_id, series_id, game_num, winner_id) VALUES (17, 7, 2, 1);
INSERT INTO cyber_sport_db.game(game_id, series_id, game_num, winner_id) VALUES (18, 7, 3, 11);
INSERT INTO cyber_sport_db.game(game_id, series_id, game_num, winner_id) VALUES (19, 8, 1, 4);
INSERT INTO cyber_sport_db.game(game_id, series_id, game_num, winner_id) VALUES (20, 8, 2, 4);
INSERT INTO cyber_sport_db.game(game_id, series_id, game_num, winner_id) VALUES (21, 9, 1, 3);
INSERT INTO cyber_sport_db.game(game_id, series_id, game_num, winner_id) VALUES (22, 9, 2, 11);
INSERT INTO cyber_sport_db.game(game_id, series_id, game_num, winner_id) VALUES (23, 9, 3, 11);
INSERT INTO cyber_sport_db.game(game_id, series_id, game_num, winner_id) VALUES (24, 10, 1, 0);
INSERT INTO cyber_sport_db.game(game_id, series_id, game_num, winner_id) VALUES (25, 10, 2, 0);
INSERT INTO cyber_sport_db.game(game_id, series_id, game_num, winner_id) VALUES (26, 11, 1, 7);
INSERT INTO cyber_sport_db.game(game_id, series_id, game_num, winner_id) VALUES (27, 11, 2, 5);
INSERT INTO cyber_sport_db.game(game_id, series_id, game_num, winner_id) VALUES (28, 11, 3, 7);
INSERT INTO cyber_sport_db.game(game_id, series_id, game_num, winner_id) VALUES (29, 12, 1, 4);
INSERT INTO cyber_sport_db.game(game_id, series_id, game_num, winner_id) VALUES (30, 12, 2, 2);
INSERT INTO cyber_sport_db.game(game_id, series_id, game_num, winner_id) VALUES (31, 12, 3, 2);
INSERT INTO cyber_sport_db.game(game_id, series_id, game_num, winner_id) VALUES (32, 13, 1, 5);
INSERT INTO cyber_sport_db.game(game_id, series_id, game_num, winner_id) VALUES (33, 13, 2, 11);
INSERT INTO cyber_sport_db.game(game_id, series_id, game_num, winner_id) VALUES (34, 13, 3, 5);
INSERT INTO cyber_sport_db.game(game_id, series_id, game_num, winner_id) VALUES (35, 14, 1, 2);
INSERT INTO cyber_sport_db.game(game_id, series_id, game_num, winner_id) VALUES (36, 14, 2, 2);
INSERT INTO cyber_sport_db.game(game_id, series_id, game_num, winner_id) VALUES (37, 15, 1, 0);
INSERT INTO cyber_sport_db.game(game_id, series_id, game_num, winner_id) VALUES (38, 15, 2, 7);
INSERT INTO cyber_sport_db.game(game_id, series_id, game_num, winner_id) VALUES (39, 15, 3, 0);
INSERT INTO cyber_sport_db.game(game_id, series_id, game_num, winner_id) VALUES (40, 16, 1, 2);
INSERT INTO cyber_sport_db.game(game_id, series_id, game_num, winner_id) VALUES (41, 16, 2, 7);
INSERT INTO cyber_sport_db.game(game_id, series_id, game_num, winner_id) VALUES (42, 16, 3, 2);
INSERT INTO cyber_sport_db.game(game_id, series_id, game_num, winner_id) VALUES (43, 17, 1, 0);
INSERT INTO cyber_sport_db.game(game_id, series_id, game_num, winner_id) VALUES (44, 17, 2, 0);
INSERT INTO cyber_sport_db.game(game_id, series_id, game_num, winner_id) VALUES (45, 17, 3, 2);
INSERT INTO cyber_sport_db.game(game_id, series_id, game_num, winner_id) VALUES (46, 17, 4, 2);
INSERT INTO cyber_sport_db.game(game_id, series_id, game_num, winner_id) VALUES (47, 17, 5, 2);
INSERT INTO cyber_sport_db.game(game_id, series_id, game_num, winner_id) VALUES (48, 18, 2, 13);
INSERT INTO cyber_sport_db.game(game_id, series_id, game_num, winner_id) VALUES (49, 19, 1, 7);
INSERT INTO cyber_sport_db.game(game_id, series_id, game_num, winner_id) VALUES (50, 18, 1, 13);
INSERT INTO cyber_sport_db.game(game_id, series_id, game_num, winner_id) VALUES (51, 19, 2, 12);
INSERT INTO cyber_sport_db.game(game_id, series_id, game_num, winner_id) VALUES (52, 19, 3, 12);
INSERT INTO cyber_sport_db.game(game_id, series_id, game_num, winner_id) VALUES (53, 20, 1, 7);
INSERT INTO cyber_sport_db.game(game_id, series_id, game_num, winner_id) VALUES (54, 20, 2, 13);
INSERT INTO cyber_sport_db.game(game_id, series_id, game_num, winner_id) VALUES (55, 20, 3, 13);
INSERT INTO cyber_sport_db.game(game_id, series_id, game_num, winner_id) VALUES (56, 21, 1, 13);
INSERT INTO cyber_sport_db.game(game_id, series_id, game_num, winner_id) VALUES (57, 21, 2, 12);
INSERT INTO cyber_sport_db.game(game_id, series_id, game_num, winner_id) VALUES (58, 21, 3, 12);
INSERT INTO cyber_sport_db.game(game_id, series_id, game_num, winner_id) VALUES (59, 21, 4, 12);
INSERT INTO cyber_sport_db.game(game_id, series_id, game_num, winner_id) VALUES (60, 22, 1, 14);
INSERT INTO cyber_sport_db.game(game_id, series_id, game_num, winner_id) VALUES (61, 22, 2, 14);
INSERT INTO cyber_sport_db.game(game_id, series_id, game_num, winner_id) VALUES (62, 23, 1, 17);
INSERT INTO cyber_sport_db.game(game_id, series_id, game_num, winner_id) VALUES (63, 23, 2, 16);
INSERT INTO cyber_sport_db.game(game_id, series_id, game_num, winner_id) VALUES (64, 23, 3, 16);
INSERT INTO cyber_sport_db.game(game_id, series_id, game_num, winner_id) VALUES (65, 24, 1, 18);
INSERT INTO cyber_sport_db.game(game_id, series_id, game_num, winner_id) VALUES (66, 24, 2, 18);
INSERT INTO cyber_sport_db.game(game_id, series_id, game_num, winner_id) VALUES (67, 25, 1, 19);
INSERT INTO cyber_sport_db.game(game_id, series_id, game_num, winner_id) VALUES (68, 25, 2, 19);
INSERT INTO cyber_sport_db.game(game_id, series_id, game_num, winner_id) VALUES (69, 26, 1, 18);
INSERT INTO cyber_sport_db.game(game_id, series_id, game_num, winner_id) VALUES (70, 26, 2, 19);
INSERT INTO cyber_sport_db.game(game_id, series_id, game_num, winner_id) VALUES (71, 26, 3, 18);
INSERT INTO cyber_sport_db.game(game_id, series_id, game_num, winner_id) VALUES (72, 26, 4, 19);
INSERT INTO cyber_sport_db.game(game_id, series_id, game_num, winner_id) VALUES (73, 26, 5, 18);


INSERT INTO cyber_sport_db.teams_in_tournament(tournament_id, team_id) VALUES (0, 0);
INSERT INTO cyber_sport_db.teams_in_tournament(tournament_id, team_id) VALUES (0, 1);
INSERT INTO cyber_sport_db.teams_in_tournament(tournament_id, team_id) VALUES (0, 2);
INSERT INTO cyber_sport_db.teams_in_tournament(tournament_id, team_id) VALUES (0, 3);
INSERT INTO cyber_sport_db.teams_in_tournament(tournament_id, team_id) VALUES (0, 4);
INSERT INTO cyber_sport_db.teams_in_tournament(tournament_id, team_id) VALUES (0, 5);
INSERT INTO cyber_sport_db.teams_in_tournament(tournament_id, team_id) VALUES (0, 6);
INSERT INTO cyber_sport_db.teams_in_tournament(tournament_id, team_id) VALUES (0, 7);
INSERT INTO cyber_sport_db.teams_in_tournament(tournament_id, team_id) VALUES (0, 8);
INSERT INTO cyber_sport_db.teams_in_tournament(tournament_id, team_id) VALUES (0, 9);
INSERT INTO cyber_sport_db.teams_in_tournament(tournament_id, team_id) VALUES (0, 10);
INSERT INTO cyber_sport_db.teams_in_tournament(tournament_id, team_id) VALUES (0, 11);
INSERT INTO cyber_sport_db.teams_in_tournament(tournament_id, team_id) values (1, 5);
INSERT INTO cyber_sport_db.teams_in_tournament(tournament_id, team_id) values (1, 7);
INSERT INTO cyber_sport_db.teams_in_tournament(tournament_id, team_id) values (1, 12);
INSERT INTO cyber_sport_db.teams_in_tournament(tournament_id, team_id) values (1, 13);
INSERT INTO cyber_sport_db.teams_in_tournament(tournament_id, team_id) VALUES (2, 14);
INSERT INTO cyber_sport_db.teams_in_tournament(tournament_id, team_id) VALUES (2, 15);
INSERT INTO cyber_sport_db.teams_in_tournament(tournament_id, team_id) VALUES (2, 16);
INSERT INTO cyber_sport_db.teams_in_tournament(tournament_id, team_id) VALUES (2, 17);
INSERT INTO cyber_sport_db.teams_in_tournament(tournament_id, team_id) VALUES (2, 18);
INSERT INTO cyber_sport_db.teams_in_tournament(tournament_id, team_id) VALUES (2, 19);



INSERT INTO cyber_sport_db.team_series(series_id, team_id) VALUES (0, 0);
INSERT INTO cyber_sport_db.team_series(series_id, team_id) VALUES (0, 1);
INSERT INTO cyber_sport_db.team_series(series_id, team_id) VALUES (1, 2);
INSERT INTO cyber_sport_db.team_series(series_id, team_id) VALUES (1, 3);
INSERT INTO cyber_sport_db.team_series(series_id, team_id) VALUES (2, 4);
INSERT INTO cyber_sport_db.team_series(series_id, team_id) VALUES (2, 5);
INSERT INTO cyber_sport_db.team_series(series_id, team_id) VALUES (3, 6);
INSERT INTO cyber_sport_db.team_series(series_id, team_id) VALUES (3, 7);
INSERT INTO cyber_sport_db.team_series(series_id, team_id) VALUES (4, 6);
INSERT INTO cyber_sport_db.team_series(series_id, team_id) VALUES (4, 8);
INSERT INTO cyber_sport_db.team_series(series_id, team_id) VALUES (5, 4);
INSERT INTO cyber_sport_db.team_series(series_id, team_id) VALUES (5, 9);
INSERT INTO cyber_sport_db.team_series(series_id, team_id) VALUES (6, 3);
INSERT INTO cyber_sport_db.team_series(series_id, team_id) VALUES (6, 10);
INSERT INTO cyber_sport_db.team_series(series_id, team_id) VALUES (7, 1);
INSERT INTO cyber_sport_db.team_series(series_id, team_id) VALUES (7, 11);
INSERT INTO cyber_sport_db.team_series(series_id, team_id) VALUES (8, 6);
INSERT INTO cyber_sport_db.team_series(series_id, team_id) VALUES (8, 4);
INSERT INTO cyber_sport_db.team_series(series_id, team_id) VALUES (9, 3);
INSERT INTO cyber_sport_db.team_series(series_id, team_id) VALUES (9, 11);
INSERT INTO cyber_sport_db.team_series(series_id, team_id) VALUES (10, 0);
INSERT INTO cyber_sport_db.team_series(series_id, team_id) VALUES (10, 2);
INSERT INTO cyber_sport_db.team_series(series_id, team_id) VALUES (11, 5);
INSERT INTO cyber_sport_db.team_series(series_id, team_id) VALUES (11, 7);
INSERT INTO cyber_sport_db.team_series(series_id, team_id) VALUES (12, 2);
INSERT INTO cyber_sport_db.team_series(series_id, team_id) VALUES (12, 4);
INSERT INTO cyber_sport_db.team_series(series_id, team_id) VALUES (13, 5);
INSERT INTO cyber_sport_db.team_series(series_id, team_id) VALUES (13, 11);
INSERT INTO cyber_sport_db.team_series(series_id, team_id) VALUES (14, 2);
INSERT INTO cyber_sport_db.team_series(series_id, team_id) VALUES (14, 5);
INSERT INTO cyber_sport_db.team_series(series_id, team_id) VALUES (15, 0);
INSERT INTO cyber_sport_db.team_series(series_id, team_id) VALUES (15, 7);
INSERT INTO cyber_sport_db.team_series(series_id, team_id) VALUES (16, 7);
INSERT INTO cyber_sport_db.team_series(series_id, team_id) VALUES (16, 2);
INSERT INTO cyber_sport_db.team_series(series_id, team_id) VALUES (17, 0);
INSERT INTO cyber_sport_db.team_series(series_id, team_id) VALUES (17, 2);
INSERT INTO cyber_sport_db.team_series(series_id, team_id) VALUES (18, 5);
INSERT INTO cyber_sport_db.team_series(series_id, team_id) VALUES (18, 13);
INSERT INTO cyber_sport_db.team_series(series_id, team_id) VALUES (19, 7);
INSERT INTO cyber_sport_db.team_series(series_id, team_id) VALUES (19, 12);
INSERT INTO cyber_sport_db.team_series(series_id, team_id) VALUES (20, 7);
INSERT INTO cyber_sport_db.team_series(series_id, team_id) VALUES (20, 13);
INSERT INTO cyber_sport_db.team_series(series_id, team_id) VALUES (21, 12);
INSERT INTO cyber_sport_db.team_series(series_id, team_id) VALUES (21, 13);
INSERT INTO cyber_sport_db.team_series(series_id, team_id) VALUES (22, 14);
INSERT INTO cyber_sport_db.team_series(series_id, team_id) VALUES (22, 15);
INSERT INTO cyber_sport_db.team_series(series_id, team_id) VALUES (23, 16);
INSERT INTO cyber_sport_db.team_series(series_id, team_id) VALUES (23, 17);
INSERT INTO cyber_sport_db.team_series(series_id, team_id) VALUES (24, 14);
INSERT INTO cyber_sport_db.team_series(series_id, team_id) VALUES (24, 18);
INSERT INTO cyber_sport_db.team_series(series_id, team_id) VALUES (25, 19);
INSERT INTO cyber_sport_db.team_series(series_id, team_id) VALUES (25, 16);
INSERT INTO cyber_sport_db.team_series(series_id, team_id) VALUES (26, 18);
INSERT INTO cyber_sport_db.team_series(series_id, team_id) VALUES (26, 19);
